"age","year","unit","season","area","iter","data"
"all",1990,"unique","1","unique","1",0
"all",1991,"unique","1","unique","1",0
"all",1992,"unique","1","unique","1",0
"all",1993,"unique","1","unique","1",0
"all",1994,"unique","1","unique","1",0
"all",1995,"unique","1","unique","1",0
"all",1996,"unique","1","unique","1",0
"all",1997,"unique","1","unique","1",0
"all",1998,"unique","1","unique","1",0
"all",1999,"unique","1","unique","1",27550.4149995566
"all",2000,"unique","1","unique","1",20965.0022337555
"all",2001,"unique","1","unique","1",17385.1218924689
"all",2002,"unique","1","unique","1",14706.6895716787
"all",2003,"unique","1","unique","1",13102.3643863568
"all",2004,"unique","1","unique","1",16584.1017343825
"all",2005,"unique","1","unique","1",18152.9153474073
"all",2006,"unique","1","unique","1",5879.67808470622
"all",2007,"unique","1","unique","1",3691.2533190997
"all",2008,"unique","1","unique","1",2922.38838546893
"all",1990,"unique","2","unique","1",0
"all",1991,"unique","2","unique","1",0
"all",1992,"unique","2","unique","1",0
"all",1993,"unique","2","unique","1",0
"all",1994,"unique","2","unique","1",0
"all",1995,"unique","2","unique","1",0
"all",1996,"unique","2","unique","1",0
"all",1997,"unique","2","unique","1",0
"all",1998,"unique","2","unique","1",0
"all",1999,"unique","2","unique","1",28145.1517559136
"all",2000,"unique","2","unique","1",11305.6971454666
"all",2001,"unique","2","unique","1",19012.1890304943
"all",2002,"unique","2","unique","1",13767.3303206023
"all",2003,"unique","2","unique","1",16663.7411720631
"all",2004,"unique","2","unique","1",18645.5381878702
"all",2005,"unique","2","unique","1",22994.7691229369
"all",2006,"unique","2","unique","1",4591.305450356
"all",2007,"unique","2","unique","1",3059.70654245143
"all",2008,"unique","2","unique","1",1340.56654384367
"all",1990,"unique","3","unique","1",0
"all",1991,"unique","3","unique","1",0
"all",1992,"unique","3","unique","1",0
"all",1993,"unique","3","unique","1",0
"all",1994,"unique","3","unique","1",0
"all",1995,"unique","3","unique","1",0
"all",1996,"unique","3","unique","1",0
"all",1997,"unique","3","unique","1",0
"all",1998,"unique","3","unique","1",0
"all",1999,"unique","3","unique","1",28130.2724978208
"all",2000,"unique","3","unique","1",13482.7675406007
"all",2001,"unique","3","unique","1",17189.6008254362
"all",2002,"unique","3","unique","1",15235.2487557595
"all",2003,"unique","3","unique","1",17621.427054544
"all",2004,"unique","3","unique","1",19475.5031357801
"all",2005,"unique","3","unique","1",20226.4535444956
"all",2006,"unique","3","unique","1",2910.34167791637
"all",2007,"unique","3","unique","1",2798.22575911426
"all",2008,"unique","3","unique","1",1223.07488527773
"all",1990,"unique","4","unique","1",0
"all",1991,"unique","4","unique","1",0
"all",1992,"unique","4","unique","1",0
"all",1993,"unique","4","unique","1",0
"all",1994,"unique","4","unique","1",0
"all",1995,"unique","4","unique","1",0
"all",1996,"unique","4","unique","1",0
"all",1997,"unique","4","unique","1",0
"all",1998,"unique","4","unique","1",0
"all",1999,"unique","4","unique","1",31500.1431964181
"all",2000,"unique","4","unique","1",19265.4143001839
"all",2001,"unique","4","unique","1",14478.4818664722
"all",2002,"unique","4","unique","1",14204.9125182645
"all",2003,"unique","4","unique","1",19002.8820643616
"all",2004,"unique","4","unique","1",19188.3867454395
"all",2005,"unique","4","unique","1",19445.5822555597
"all",2006,"unique","4","unique","1",3944.09503012138
"all",2007,"unique","4","unique","1",2689.06867225818
"all",2008,"unique","4","unique","1",1640.4071733289
