"age","year","unit","season","area","iter","data"
1,1990,"1","1","unique","1",9.27687112655286e-10
2,1990,"1","1","unique","1",3.34463620982785e-05
3,1990,"1","1","unique","1",0.000514726417292033
4,1990,"1","1","unique","1",0.0118754334791299
5,1990,"1","1","unique","1",0.000393041812939187
6,1990,"1","1","unique","1",0.00139621396790071
7,1990,"1","1","unique","1",0.000956094389915797
8,1990,"1","1","unique","1",0.00145173599829812
9,1990,"1","1","unique","1",0.0045137105783809
10,1990,"1","1","unique","1",0.000388169693798445
11,1990,"1","1","unique","1",0.0323362743611586
12,1990,"1","1","unique","1",0.0309769383111015
1,1991,"1","1","unique","1",8.72438626405216e-10
2,1991,"1","1","unique","1",1.97881659380761e-06
3,1991,"1","1","unique","1",0.000954099630247036
4,1991,"1","1","unique","1",0.000856020885295104
5,1991,"1","1","unique","1",0.0144225615983603
6,1991,"1","1","unique","1",0.0125038332746447
7,1991,"1","1","unique","1",0.02939396551238
8,1991,"1","1","unique","1",0.00564310756476628
9,1991,"1","1","unique","1",0.00248853816393925
10,1991,"1","1","unique","1",0.00280137837338928
11,1991,"1","1","unique","1",0.000877858324144507
12,1991,"1","1","unique","1",0.000804011881143001
1,1992,"1","1","unique","1",2.04717151658604e-05
2,1992,"1","1","unique","1",2.64828476245835e-05
3,1992,"1","1","unique","1",0.00660924337606068
4,1992,"1","1","unique","1",0.00123775440457894
5,1992,"1","1","unique","1",0.00135904590015546
6,1992,"1","1","unique","1",0.000574389253895874
7,1992,"1","1","unique","1",0.00161338812286588
8,1992,"1","1","unique","1",0.000875883254316742
9,1992,"1","1","unique","1",0.00126117020245434
10,1992,"1","1","unique","1",0.00791524747793556
11,1992,"1","1","unique","1",0.000642215165978287
12,1992,"1","1","unique","1",0.000568499100490589
1,1993,"1","1","unique","1",7.32346821488223e-10
2,1993,"1","1","unique","1",5.18585927562332e-09
3,1993,"1","1","unique","1",0.00146983998910563
4,1993,"1","1","unique","1",0.152862617564495
5,1993,"1","1","unique","1",0.0148219434056548
6,1993,"1","1","unique","1",0.0623224114154195
7,1993,"1","1","unique","1",0.0775638867404188
8,1993,"1","1","unique","1",2.27264685467642e-07
9,1993,"1","1","unique","1",4.73683897814373e-08
10,1993,"1","1","unique","1",5.84286261761533e-08
11,1993,"1","1","unique","1",6.04682808696613e-08
12,1993,"1","1","unique","1",0.0065843575530768
1,1994,"1","1","unique","1",9.28621564055393e-05
2,1994,"1","1","unique","1",3.57080282243815e-05
3,1994,"1","1","unique","1",0.00958269404829224
4,1994,"1","1","unique","1",0.0291508748506951
5,1994,"1","1","unique","1",0.331555797028252
6,1994,"1","1","unique","1",2.21715703138611e-08
7,1994,"1","1","unique","1",1.10997326843801e-06
8,1994,"1","1","unique","1",3.23940650881091e-08
9,1994,"1","1","unique","1",4.16702167490301e-08
10,1994,"1","1","unique","1",3.57193455624837e-07
11,1994,"1","1","unique","1",2.86782091289126e-07
12,1994,"1","1","unique","1",0.110370927373412
1,1995,"1","1","unique","1",7.22270005387674e-10
2,1995,"1","1","unique","1",3.4627412204955e-05
3,1995,"1","1","unique","1",0.000224450225103875
4,1995,"1","1","unique","1",0.000473024273397045
5,1995,"1","1","unique","1",0.00208967446187478
6,1995,"1","1","unique","1",0.00508833966999805
7,1995,"1","1","unique","1",0.00326432451635425
8,1995,"1","1","unique","1",0.00189370676541937
9,1995,"1","1","unique","1",0.00186383650010446
10,1995,"1","1","unique","1",0.00390368213814348
11,1995,"1","1","unique","1",0.0210026623205531
12,1995,"1","1","unique","1",0.0194179627593223
1,1996,"1","1","unique","1",0.00159929653815265
2,1996,"1","1","unique","1",0.00536011409699288
3,1996,"1","1","unique","1",0.00103653037409871
4,1996,"1","1","unique","1",0.0184421939949246
5,1996,"1","1","unique","1",0.145062369459472
6,1996,"1","1","unique","1",0.123433713972484
7,1996,"1","1","unique","1",0.0266620573979751
8,1996,"1","1","unique","1",0.00933436852175412
9,1996,"1","1","unique","1",0.0182852493474898
10,1996,"1","1","unique","1",0.0212016098146283
11,1996,"1","1","unique","1",0.110409842030466
12,1996,"1","1","unique","1",0.105664367391166
1,1997,"1","1","unique","1",8.64490596862256e-10
2,1997,"1","1","unique","1",5.83132531724207e-09
3,1997,"1","1","unique","1",0.0354301908401964
4,1997,"1","1","unique","1",0.0471086768415139
5,1997,"1","1","unique","1",0.0577069493044775
6,1997,"1","1","unique","1",0.147741439402857
7,1997,"1","1","unique","1",2.90847773740972e-08
8,1997,"1","1","unique","1",3.59987563322832e-08
9,1997,"1","1","unique","1",0.100820877799398
10,1997,"1","1","unique","1",5.33046106687458e-08
11,1997,"1","1","unique","1",5.34803722416482e-08
12,1997,"1","1","unique","1",5.41643299444585e-08
1,1998,"1","1","unique","1",0.000132557488191296
2,1998,"1","1","unique","1",0.00029521664686468
3,1998,"1","1","unique","1",0.000509138631029878
4,1998,"1","1","unique","1",0.000582590593517477
5,1998,"1","1","unique","1",0.00108379948558857
6,1998,"1","1","unique","1",0.00529778401532227
7,1998,"1","1","unique","1",0.00609417139983481
8,1998,"1","1","unique","1",0.0047290606587885
9,1998,"1","1","unique","1",0.0140594165128682
10,1998,"1","1","unique","1",0.0162412665312151
11,1998,"1","1","unique","1",0.0209380726014225
12,1998,"1","1","unique","1",0.0199990438497464
1,1999,"1","1","unique","1",0.000347647278255371
2,1999,"1","1","unique","1",0.000969374424388755
3,1999,"1","1","unique","1",0.141757392637557
4,1999,"1","1","unique","1",0.206508097846354
5,1999,"1","1","unique","1",2.92461569776492e-08
6,1999,"1","1","unique","1",0.0990350182787884
7,1999,"1","1","unique","1",0.0261420650501655
8,1999,"1","1","unique","1",0.0306003685437609
9,1999,"1","1","unique","1",0.154992676132057
10,1999,"1","1","unique","1",0.0669747439252251
11,1999,"1","1","unique","1",0.0133830648380797
12,1999,"1","1","unique","1",0.0127493268476881
1,2000,"1","1","unique","1",1.02840738964531e-09
2,2000,"1","1","unique","1",7.15623398575948e-09
3,2000,"1","1","unique","1",1.77525179859305e-08
4,2000,"1","1","unique","1",2.39720583442077e-08
5,2000,"1","1","unique","1",4.95838632904536e-06
6,2000,"1","1","unique","1",1.60016951369892e-06
7,2000,"1","1","unique","1",4.83547396470806e-07
8,2000,"1","1","unique","1",4.6271449278267e-08
9,2000,"1","1","unique","1",5.80785411994617e-08
10,2000,"1","1","unique","1",6.72911525296349e-08
11,2000,"1","1","unique","1",7.04910700793634e-08
12,2000,"1","1","unique","1",7.14478670331087e-08
1,2001,"1","1","unique","1",1.29648166796934e-09
2,2001,"1","1","unique","1",5.95899381078236e-05
3,2001,"1","1","unique","1",0.000251064715841782
4,2001,"1","1","unique","1",0.0181214842175806
5,2001,"1","1","unique","1",0.00112122036309378
6,2001,"1","1","unique","1",0.00281002699281963
7,2001,"1","1","unique","1",0.0139829741716068
8,2001,"1","1","unique","1",0.011962055528577
9,2001,"1","1","unique","1",0.0214670044462884
10,2001,"1","1","unique","1",0.0559773177229732
11,2001,"1","1","unique","1",0.0425962523614417
12,2001,"1","1","unique","1",0.0415455491392782
1,2002,"1","1","unique","1",1.26780769432524e-09
2,2002,"1","1","unique","1",3.03362276972179e-06
3,2002,"1","1","unique","1",0.00114464429900225
4,2002,"1","1","unique","1",0.00209705588483296
5,2002,"1","1","unique","1",0.000401768613842898
6,2002,"1","1","unique","1",0.00233048909929546
7,2002,"1","1","unique","1",0.00969743462738615
8,2002,"1","1","unique","1",0.0120338916677697
9,2002,"1","1","unique","1",0.00406089859349172
10,2002,"1","1","unique","1",0.0271869473366862
11,2002,"1","1","unique","1",0.117034912973912
12,2002,"1","1","unique","1",0.112650911091642
1,2003,"1","1","unique","1",8.32135149566927e-10
2,2003,"1","1","unique","1",0.0244193293563463
3,2003,"1","1","unique","1",0.0192454109659527
4,2003,"1","1","unique","1",0.0127586831271597
5,2003,"1","1","unique","1",0.0370310285408359
6,2003,"1","1","unique","1",0.00677160316141162
7,2003,"1","1","unique","1",0.00800285619574202
8,2003,"1","1","unique","1",0.00452605514629824
9,2003,"1","1","unique","1",0.00381918964819764
10,2003,"1","1","unique","1",0.00692183020537109
11,2003,"1","1","unique","1",0.00482129169602637
12,2003,"1","1","unique","1",0.00449644485241478
1,2004,"1","1","unique","1",1.11741258229911e-09
2,2004,"1","1","unique","1",0.00267560330180369
3,2004,"1","1","unique","1",0.00149371144658505
4,2004,"1","1","unique","1",0.00405106809118647
5,2004,"1","1","unique","1",0.00758144699341586
6,2004,"1","1","unique","1",0.0327439028100435
7,2004,"1","1","unique","1",0.143130100449923
8,2004,"1","1","unique","1",0.116122454466214
9,2004,"1","1","unique","1",0.0361770251672785
10,2004,"1","1","unique","1",0.0905656766882139
11,2004,"1","1","unique","1",0.131181149375755
12,2004,"1","1","unique","1",0.130061274819968
1,2005,"1","1","unique","1",1.18694235922965e-09
2,2005,"1","1","unique","1",7.4246106692674e-09
3,2005,"1","1","unique","1",1.77421652251657e-05
4,2005,"1","1","unique","1",0.00232820442235085
5,2005,"1","1","unique","1",0.0075463744043806
6,2005,"1","1","unique","1",0.0242717993932821
7,2005,"1","1","unique","1",0.015621213417587
8,2005,"1","1","unique","1",0.0224903267494044
9,2005,"1","1","unique","1",0.0132303785491434
10,2005,"1","1","unique","1",0.0220951305434867
11,2005,"1","1","unique","1",0.00469533479067124
12,2005,"1","1","unique","1",0.00427801471511154
1,2006,"1","1","unique","1",1.6108622227693e-09
2,2006,"1","1","unique","1",0.000256710848846178
3,2006,"1","1","unique","1",0.00352134399844468
4,2006,"1","1","unique","1",1.72811608223316
5,2006,"1","1","unique","1",0.601351857033186
6,2006,"1","1","unique","1",0.166042416985096
7,2006,"1","1","unique","1",0.0874207893573222
8,2006,"1","1","unique","1",0.0611283609541051
9,2006,"1","1","unique","1",0.057389687314385
10,2006,"1","1","unique","1",0.0672318970860208
11,2006,"1","1","unique","1",0.0631557033661999
12,2006,"1","1","unique","1",0.0612803698530153
1,2007,"1","1","unique","1",1.9302358110802e-09
2,2007,"1","1","unique","1",6.76277280680042e-05
3,2007,"1","1","unique","1",0.00627442714346713
4,2007,"1","1","unique","1",0.00171647588615078
5,2007,"1","1","unique","1",0.00722512008902569
6,2007,"1","1","unique","1",0.00615445307111146
7,2007,"1","1","unique","1",0.0103031211290154
8,2007,"1","1","unique","1",0.0121604361891364
9,2007,"1","1","unique","1",0.051742532405088
10,2007,"1","1","unique","1",0.0282975282740835
11,2007,"1","1","unique","1",0.158417490574044
12,2007,"1","1","unique","1",0.155207984098589
1,2008,"1","1","unique","1",1.23500501389706e-09
2,2008,"1","1","unique","1",0.000504371221546373
3,2008,"1","1","unique","1",0.000287194884348558
4,2008,"1","1","unique","1",2.33551784371455e-08
5,2008,"1","1","unique","1",2.65051992630407e-08
6,2008,"1","1","unique","1",3.00935971617441e-08
7,2008,"1","1","unique","1",0.0577892627271956
8,2008,"1","1","unique","1",0.0137975893126799
9,2008,"1","1","unique","1",0.0825054656564773
10,2008,"1","1","unique","1",0.0282567403597262
11,2008,"1","1","unique","1",0.0134436453673347
12,2008,"1","1","unique","1",0.0123108356974829
1,2009,"1","1","unique","1",3.13760452638633e-05
2,2009,"1","1","unique","1",0.000441526792841354
3,2009,"1","1","unique","1",0.00114851842959956
4,2009,"1","1","unique","1",0.0425131410671001
5,2009,"1","1","unique","1",0.00611790705850559
6,2009,"1","1","unique","1",0.0236341693294049
7,2009,"1","1","unique","1",0.0599449674917968
8,2009,"1","1","unique","1",0.050293326045745
9,2009,"1","1","unique","1",0.04180372728628
10,2009,"1","1","unique","1",0.0252449291952673
11,2009,"1","1","unique","1",0.0321498878538542
12,2009,"1","1","unique","1",0.0377465692153753
1,2010,"1","1","unique","1",3.13760452638633e-05
2,2010,"1","1","unique","1",0.000441526792841354
3,2010,"1","1","unique","1",0.00114851842959956
4,2010,"1","1","unique","1",0.0425131410671001
5,2010,"1","1","unique","1",0.00611790705850559
6,2010,"1","1","unique","1",0.0236341693294049
7,2010,"1","1","unique","1",0.0599449674917968
8,2010,"1","1","unique","1",0.050293326045745
9,2010,"1","1","unique","1",0.04180372728628
10,2010,"1","1","unique","1",0.0252449291952673
11,2010,"1","1","unique","1",0.0321498878538542
12,2010,"1","1","unique","1",0.0377465692153753
1,2011,"1","1","unique","1",3.13760452638633e-05
2,2011,"1","1","unique","1",0.000441526792841354
3,2011,"1","1","unique","1",0.00114851842959956
4,2011,"1","1","unique","1",0.0425131410671001
5,2011,"1","1","unique","1",0.00611790705850559
6,2011,"1","1","unique","1",0.0236341693294049
7,2011,"1","1","unique","1",0.0599449674917968
8,2011,"1","1","unique","1",0.050293326045745
9,2011,"1","1","unique","1",0.04180372728628
10,2011,"1","1","unique","1",0.0252449291952673
11,2011,"1","1","unique","1",0.0321498878538542
12,2011,"1","1","unique","1",0.0377465692153753
1,2012,"1","1","unique","1",3.13760452638633e-05
2,2012,"1","1","unique","1",0.000441526792841354
3,2012,"1","1","unique","1",0.00114851842959956
4,2012,"1","1","unique","1",0.0425131410671001
5,2012,"1","1","unique","1",0.00611790705850559
6,2012,"1","1","unique","1",0.0236341693294049
7,2012,"1","1","unique","1",0.0599449674917968
8,2012,"1","1","unique","1",0.050293326045745
9,2012,"1","1","unique","1",0.04180372728628
10,2012,"1","1","unique","1",0.0252449291952673
11,2012,"1","1","unique","1",0.0321498878538542
12,2012,"1","1","unique","1",0.0377465692153753
1,2013,"1","1","unique","1",3.13760452638633e-05
2,2013,"1","1","unique","1",0.000441526792841354
3,2013,"1","1","unique","1",0.00114851842959956
4,2013,"1","1","unique","1",0.0425131410671001
5,2013,"1","1","unique","1",0.00611790705850559
6,2013,"1","1","unique","1",0.0236341693294049
7,2013,"1","1","unique","1",0.0599449674917968
8,2013,"1","1","unique","1",0.050293326045745
9,2013,"1","1","unique","1",0.04180372728628
10,2013,"1","1","unique","1",0.0252449291952673
11,2013,"1","1","unique","1",0.0321498878538542
12,2013,"1","1","unique","1",0.0377465692153753
1,2014,"1","1","unique","1",3.13760452638633e-05
2,2014,"1","1","unique","1",0.000441526792841354
3,2014,"1","1","unique","1",0.00114851842959956
4,2014,"1","1","unique","1",0.0425131410671001
5,2014,"1","1","unique","1",0.00611790705850559
6,2014,"1","1","unique","1",0.0236341693294049
7,2014,"1","1","unique","1",0.0599449674917968
8,2014,"1","1","unique","1",0.050293326045745
9,2014,"1","1","unique","1",0.04180372728628
10,2014,"1","1","unique","1",0.0252449291952673
11,2014,"1","1","unique","1",0.0321498878538542
12,2014,"1","1","unique","1",0.0377465692153753
1,2015,"1","1","unique","1",3.13760452638633e-05
2,2015,"1","1","unique","1",0.000441526792841354
3,2015,"1","1","unique","1",0.00114851842959956
4,2015,"1","1","unique","1",0.0425131410671001
5,2015,"1","1","unique","1",0.00611790705850559
6,2015,"1","1","unique","1",0.0236341693294049
7,2015,"1","1","unique","1",0.0599449674917968
8,2015,"1","1","unique","1",0.050293326045745
9,2015,"1","1","unique","1",0.04180372728628
10,2015,"1","1","unique","1",0.0252449291952673
11,2015,"1","1","unique","1",0.0321498878538542
12,2015,"1","1","unique","1",0.0377465692153753
1,2016,"1","1","unique","1",3.13760452638633e-05
2,2016,"1","1","unique","1",0.000441526792841354
3,2016,"1","1","unique","1",0.00114851842959956
4,2016,"1","1","unique","1",0.0425131410671001
5,2016,"1","1","unique","1",0.00611790705850559
6,2016,"1","1","unique","1",0.0236341693294049
7,2016,"1","1","unique","1",0.0599449674917968
8,2016,"1","1","unique","1",0.050293326045745
9,2016,"1","1","unique","1",0.04180372728628
10,2016,"1","1","unique","1",0.0252449291952673
11,2016,"1","1","unique","1",0.0321498878538542
12,2016,"1","1","unique","1",0.0377465692153753
1,2017,"1","1","unique","1",3.13760452638633e-05
2,2017,"1","1","unique","1",0.000441526792841354
3,2017,"1","1","unique","1",0.00114851842959956
4,2017,"1","1","unique","1",0.0425131410671001
5,2017,"1","1","unique","1",0.00611790705850559
6,2017,"1","1","unique","1",0.0236341693294049
7,2017,"1","1","unique","1",0.0599449674917968
8,2017,"1","1","unique","1",0.050293326045745
9,2017,"1","1","unique","1",0.04180372728628
10,2017,"1","1","unique","1",0.0252449291952673
11,2017,"1","1","unique","1",0.0321498878538542
12,2017,"1","1","unique","1",0.0377465692153753
1,2018,"1","1","unique","1",3.13760452638633e-05
2,2018,"1","1","unique","1",0.000441526792841354
3,2018,"1","1","unique","1",0.00114851842959956
4,2018,"1","1","unique","1",0.0425131410671001
5,2018,"1","1","unique","1",0.00611790705850559
6,2018,"1","1","unique","1",0.0236341693294049
7,2018,"1","1","unique","1",0.0599449674917968
8,2018,"1","1","unique","1",0.050293326045745
9,2018,"1","1","unique","1",0.04180372728628
10,2018,"1","1","unique","1",0.0252449291952673
11,2018,"1","1","unique","1",0.0321498878538542
12,2018,"1","1","unique","1",0.0377465692153753
1,2019,"1","1","unique","1",3.13760452638633e-05
2,2019,"1","1","unique","1",0.000441526792841354
3,2019,"1","1","unique","1",0.00114851842959956
4,2019,"1","1","unique","1",0.0425131410671001
5,2019,"1","1","unique","1",0.00611790705850559
6,2019,"1","1","unique","1",0.0236341693294049
7,2019,"1","1","unique","1",0.0599449674917968
8,2019,"1","1","unique","1",0.050293326045745
9,2019,"1","1","unique","1",0.04180372728628
10,2019,"1","1","unique","1",0.0252449291952673
11,2019,"1","1","unique","1",0.0321498878538542
12,2019,"1","1","unique","1",0.0377465692153753
1,2020,"1","1","unique","1",3.13760452638633e-05
2,2020,"1","1","unique","1",0.000441526792841354
3,2020,"1","1","unique","1",0.00114851842959956
4,2020,"1","1","unique","1",0.0425131410671001
5,2020,"1","1","unique","1",0.00611790705850559
6,2020,"1","1","unique","1",0.0236341693294049
7,2020,"1","1","unique","1",0.0599449674917968
8,2020,"1","1","unique","1",0.050293326045745
9,2020,"1","1","unique","1",0.04180372728628
10,2020,"1","1","unique","1",0.0252449291952673
11,2020,"1","1","unique","1",0.0321498878538542
12,2020,"1","1","unique","1",0.0377465692153753
1,2021,"1","1","unique","1",3.13760452638633e-05
2,2021,"1","1","unique","1",0.000441526792841354
3,2021,"1","1","unique","1",0.00114851842959956
4,2021,"1","1","unique","1",0.0425131410671001
5,2021,"1","1","unique","1",0.00611790705850559
6,2021,"1","1","unique","1",0.0236341693294049
7,2021,"1","1","unique","1",0.0599449674917968
8,2021,"1","1","unique","1",0.050293326045745
9,2021,"1","1","unique","1",0.04180372728628
10,2021,"1","1","unique","1",0.0252449291952673
11,2021,"1","1","unique","1",0.0321498878538542
12,2021,"1","1","unique","1",0.0377465692153753
1,2022,"1","1","unique","1",3.13760452638633e-05
2,2022,"1","1","unique","1",0.000441526792841354
3,2022,"1","1","unique","1",0.00114851842959956
4,2022,"1","1","unique","1",0.0425131410671001
5,2022,"1","1","unique","1",0.00611790705850559
6,2022,"1","1","unique","1",0.0236341693294049
7,2022,"1","1","unique","1",0.0599449674917968
8,2022,"1","1","unique","1",0.050293326045745
9,2022,"1","1","unique","1",0.04180372728628
10,2022,"1","1","unique","1",0.0252449291952673
11,2022,"1","1","unique","1",0.0321498878538542
12,2022,"1","1","unique","1",0.0377465692153753
1,2023,"1","1","unique","1",3.13760452638633e-05
2,2023,"1","1","unique","1",0.000441526792841354
3,2023,"1","1","unique","1",0.00114851842959956
4,2023,"1","1","unique","1",0.0425131410671001
5,2023,"1","1","unique","1",0.00611790705850559
6,2023,"1","1","unique","1",0.0236341693294049
7,2023,"1","1","unique","1",0.0599449674917968
8,2023,"1","1","unique","1",0.050293326045745
9,2023,"1","1","unique","1",0.04180372728628
10,2023,"1","1","unique","1",0.0252449291952673
11,2023,"1","1","unique","1",0.0321498878538542
12,2023,"1","1","unique","1",0.0377465692153753
1,2024,"1","1","unique","1",3.13760452638633e-05
2,2024,"1","1","unique","1",0.000441526792841354
3,2024,"1","1","unique","1",0.00114851842959956
4,2024,"1","1","unique","1",0.0425131410671001
5,2024,"1","1","unique","1",0.00611790705850559
6,2024,"1","1","unique","1",0.0236341693294049
7,2024,"1","1","unique","1",0.0599449674917968
8,2024,"1","1","unique","1",0.050293326045745
9,2024,"1","1","unique","1",0.04180372728628
10,2024,"1","1","unique","1",0.0252449291952673
11,2024,"1","1","unique","1",0.0321498878538542
12,2024,"1","1","unique","1",0.0377465692153753
1,2025,"1","1","unique","1",3.13760452638633e-05
2,2025,"1","1","unique","1",0.000441526792841354
3,2025,"1","1","unique","1",0.00114851842959956
4,2025,"1","1","unique","1",0.0425131410671001
5,2025,"1","1","unique","1",0.00611790705850559
6,2025,"1","1","unique","1",0.0236341693294049
7,2025,"1","1","unique","1",0.0599449674917968
8,2025,"1","1","unique","1",0.050293326045745
9,2025,"1","1","unique","1",0.04180372728628
10,2025,"1","1","unique","1",0.0252449291952673
11,2025,"1","1","unique","1",0.0321498878538542
12,2025,"1","1","unique","1",0.0377465692153753
1,1990,"1","1","unique","2",8.30922727358229e-10
2,1990,"1","1","unique","2",5.09042785647443e-06
3,1990,"1","1","unique","2",0.000254125749226562
4,1990,"1","1","unique","2",0.0252673902099216
5,1990,"1","1","unique","2",0.0045100846521003
6,1990,"1","1","unique","2",0.00422605693481253
7,1990,"1","1","unique","2",0.0201790143636763
8,1990,"1","1","unique","2",0.0351882741058692
9,1990,"1","1","unique","2",0.0307919744469989
10,1990,"1","1","unique","2",0.0800909091761075
11,1990,"1","1","unique","2",0.0114117566993703
12,1990,"1","1","unique","2",0.0106308706448972
1,1991,"1","1","unique","2",7.22043681404578e-07
2,1991,"1","1","unique","2",6.88798286946636e-05
3,1991,"1","1","unique","2",0.000976879283188449
4,1991,"1","1","unique","2",0.0554712323367789
5,1991,"1","1","unique","2",0.0703949102248477
6,1991,"1","1","unique","2",0.0256217437134982
7,1991,"1","1","unique","2",0.0180959457819043
8,1991,"1","1","unique","2",0.0140758923614281
9,1991,"1","1","unique","2",0.00915397438902109
10,1991,"1","1","unique","2",0.010968437108911
11,1991,"1","1","unique","2",0.0138235827936857
12,1991,"1","1","unique","2",0.0129713720571337
1,1992,"1","1","unique","2",8.71688642776057e-10
2,1992,"1","1","unique","2",6.867249312802e-05
3,1992,"1","1","unique","2",0.000319355315663995
4,1992,"1","1","unique","2",0.00192377619333458
5,1992,"1","1","unique","2",0.136834424058078
6,1992,"1","1","unique","2",0.0137320927616202
7,1992,"1","1","unique","2",0.0104759071649118
8,1992,"1","1","unique","2",0.0091660644618218
9,1992,"1","1","unique","2",0.0129756285522305
10,1992,"1","1","unique","2",0.0231887584372863
11,1992,"1","1","unique","2",0.0946460579479638
12,1992,"1","1","unique","2",0.0930811594852965
1,1993,"1","1","unique","2",9.85271219156632e-10
2,1993,"1","1","unique","2",0.000285745562316934
3,1993,"1","1","unique","2",0.00436155235692351
4,1993,"1","1","unique","2",0.499770517351766
5,1993,"1","1","unique","2",0.0784093203520039
6,1993,"1","1","unique","2",0.014257175156239
7,1993,"1","1","unique","2",0.0137314149101314
8,1993,"1","1","unique","2",0.0147548663921247
9,1993,"1","1","unique","2",0.0253735216623888
10,1993,"1","1","unique","2",0.0382673145636787
11,1993,"1","1","unique","2",0.13204190708687
12,1993,"1","1","unique","2",0.128435244324089
1,1994,"1","1","unique","2",0.000258956312104997
2,1994,"1","1","unique","2",0.00703006079699697
3,1994,"1","1","unique","2",1.73963158563026e-08
4,1994,"1","1","unique","2",2.26475250099042e-08
5,1994,"1","1","unique","2",0.33089470143111
6,1994,"1","1","unique","2",0.0656802481916335
7,1994,"1","1","unique","2",0.0684258768542651
8,1994,"1","1","unique","2",0.0206128272740142
9,1994,"1","1","unique","2",0.0164615150848302
10,1994,"1","1","unique","2",0.0282060875450736
11,1994,"1","1","unique","2",0.0778005556860959
12,1994,"1","1","unique","2",0.0759631966328729
1,1995,"1","1","unique","2",6.67156644256545e-10
2,1995,"1","1","unique","2",1.76118110850258e-05
3,1995,"1","1","unique","2",0.00899420610323134
4,1995,"1","1","unique","2",0.0722113663378908
5,1995,"1","1","unique","2",0.0190267816588686
6,1995,"1","1","unique","2",0.00827201800564318
7,1995,"1","1","unique","2",0.0154887696908959
8,1995,"1","1","unique","2",0.00750763836494926
9,1995,"1","1","unique","2",0.00675316413320872
10,1995,"1","1","unique","2",0.0197427675110312
11,1995,"1","1","unique","2",0.0151969014806513
12,1995,"1","1","unique","2",0.014444033196237
1,1996,"1","1","unique","2",7.56596851058571e-10
2,1996,"1","1","unique","2",0.000328064560365417
3,1996,"1","1","unique","2",0.000359968799508384
4,1996,"1","1","unique","2",0.00502204506220441
5,1996,"1","1","unique","2",0.000610949740432183
6,1996,"1","1","unique","2",0.00125883652404088
7,1996,"1","1","unique","2",0.000957579053087355
8,1996,"1","1","unique","2",0.000339401004943296
9,1996,"1","1","unique","2",0.000495547921862294
10,1996,"1","1","unique","2",7.54214176897046e-05
11,1996,"1","1","unique","2",4.79041188429784e-05
12,1996,"1","1","unique","2",4.40577604914814e-05
1,1997,"1","1","unique","2",3.66863013324453e-05
2,1997,"1","1","unique","2",9.43475051043616e-05
3,1997,"1","1","unique","2",0.00839986043026719
4,1997,"1","1","unique","2",0.0172213663977231
5,1997,"1","1","unique","2",0.422810469099366
6,1997,"1","1","unique","2",0.0719519489880974
7,1997,"1","1","unique","2",0.0275691786128027
8,1997,"1","1","unique","2",0.123139565969081
9,1997,"1","1","unique","2",0.0253315182780728
10,1997,"1","1","unique","2",0.0219401518451002
11,1997,"1","1","unique","2",0.214968360437988
12,1997,"1","1","unique","2",0.213028748023679
1,1998,"1","1","unique","2",9.68675404604669e-10
2,1998,"1","1","unique","2",2.82772275158795e-05
3,1998,"1","1","unique","2",0.000323316204492134
4,1998,"1","1","unique","2",0.0175379666099859
5,1998,"1","1","unique","2",0.00253167471198108
6,1998,"1","1","unique","2",0.0138370092526474
7,1998,"1","1","unique","2",0.0239065877147311
8,1998,"1","1","unique","2",0.0270423322779782
9,1998,"1","1","unique","2",0.0126981945934629
10,1998,"1","1","unique","2",0.0343152922579857
11,1998,"1","1","unique","2",0.00634024827083459
12,1998,"1","1","unique","2",0.0057881003389463
1,1999,"1","1","unique","2",8.2356814963461e-10
2,1999,"1","1","unique","2",1.90566781754144e-05
3,1999,"1","1","unique","2",8.40993256919246e-05
4,1999,"1","1","unique","2",0.0054349475987652
5,1999,"1","1","unique","2",0.00569268235373418
6,1999,"1","1","unique","2",0.00845035941480823
7,1999,"1","1","unique","2",0.0211587391515807
8,1999,"1","1","unique","2",0.010470838764445
9,1999,"1","1","unique","2",0.00539776655202687
10,1999,"1","1","unique","2",0.00693806060801901
11,1999,"1","1","unique","2",0.00314759958186334
12,1999,"1","1","unique","2",0.00294399175887767
1,2000,"1","1","unique","2",1.42327659941302e-09
2,2000,"1","1","unique","2",0.014548607252586
3,2000,"1","1","unique","2",0.0910513536731835
4,2000,"1","1","unique","2",0.669546605347722
5,2000,"1","1","unique","2",0.053722385719505
6,2000,"1","1","unique","2",0.00823490649557745
7,2000,"1","1","unique","2",0.00989499240520535
8,2000,"1","1","unique","2",0.00837428163215949
9,2000,"1","1","unique","2",0.0220668824112647
10,2000,"1","1","unique","2",0.0433058513590351
11,2000,"1","1","unique","2",0.176386523983407
12,2000,"1","1","unique","2",0.171274480877897
1,2001,"1","1","unique","2",9.25213848852244e-10
2,2001,"1","1","unique","2",3.37761130160096e-06
3,2001,"1","1","unique","2",0.00126870313288782
4,2001,"1","1","unique","2",0.0255346681480764
5,2001,"1","1","unique","2",0.0410046615384799
6,2001,"1","1","unique","2",0.0763387528065067
7,2001,"1","1","unique","2",2.54602786588476e-08
8,2001,"1","1","unique","2",0.0317220484743259
9,2001,"1","1","unique","2",0.0600162995885619
10,2001,"1","1","unique","2",0.0656714416363605
11,2001,"1","1","unique","2",0.0336087621946306
12,2001,"1","1","unique","2",0.0321169877026191
1,2002,"1","1","unique","2",0.000663371187968144
2,2002,"1","1","unique","2",0.000588583508661023
3,2002,"1","1","unique","2",0.000774807621078247
4,2002,"1","1","unique","2",0.0128417984380748
5,2002,"1","1","unique","2",0.00164308825212195
6,2002,"1","1","unique","2",0.00245567010686302
7,2002,"1","1","unique","2",0.0160169069834214
8,2002,"1","1","unique","2",0.00585557767726653
9,2002,"1","1","unique","2",0.00334965312515407
10,2002,"1","1","unique","2",0.0041462804310992
11,2002,"1","1","unique","2",0.00557525349947182
12,2002,"1","1","unique","2",0.00524679060310133
1,2003,"1","1","unique","2",0.000264644344529202
2,2003,"1","1","unique","2",0.000939540412741474
3,2003,"1","1","unique","2",0.00248262168445204
4,2003,"1","1","unique","2",0.0248588649741143
5,2003,"1","1","unique","2",0.0413644001068355
6,2003,"1","1","unique","2",0.113909760487068
7,2003,"1","1","unique","2",0.143319311713429
8,2003,"1","1","unique","2",0.180423265613559
9,2003,"1","1","unique","2",0.0859112362274413
10,2003,"1","1","unique","2",0.189858275816549
11,2003,"1","1","unique","2",0.137009210678398
12,2003,"1","1","unique","2",0.137314273361311
1,2004,"1","1","unique","2",1.13062445606214e-09
2,2004,"1","1","unique","2",0.0120742340061095
3,2004,"1","1","unique","2",0.0596880948089912
4,2004,"1","1","unique","2",1.05293525261182
5,2004,"1","1","unique","2",0.0610709534563247
6,2004,"1","1","unique","2",0.0247601829687695
7,2004,"1","1","unique","2",0.189261913244807
8,2004,"1","1","unique","2",0.175304419947745
9,2004,"1","1","unique","2",0.0839371074760246
10,2004,"1","1","unique","2",5.47107728224363e-08
11,2004,"1","1","unique","2",5.7118459012109e-08
12,2004,"1","1","unique","2",5.7969221909999e-08
1,2005,"1","1","unique","2",1.17404588110384e-09
2,2005,"1","1","unique","2",7.0830234491089e-09
3,2005,"1","1","unique","2",0.0334581771124065
4,2005,"1","1","unique","2",1.80736187818189
5,2005,"1","1","unique","2",1.82852352156088
6,2005,"1","1","unique","2",3.80367013321562e-07
7,2005,"1","1","unique","2",2.91730432984686e-08
8,2005,"1","1","unique","2",3.80299750765553e-08
9,2005,"1","1","unique","2",4.79180608443712e-08
10,2005,"1","1","unique","2",5.58497752889989e-08
11,2005,"1","1","unique","2",5.69885553206792e-08
12,2005,"1","1","unique","2",5.78671987751822e-08
1,2006,"1","1","unique","2",8.78615285989344e-10
2,2006,"1","1","unique","2",0.000940932313854603
3,2006,"1","1","unique","2",0.00324802811435071
4,2006,"1","1","unique","2",0.67868730163673
5,2006,"1","1","unique","2",0.0554410877880411
6,2006,"1","1","unique","2",0.0223067368663303
7,2006,"1","1","unique","2",0.0565342602045844
8,2006,"1","1","unique","2",0.0197861390145833
9,2006,"1","1","unique","2",0.0134589030045098
10,2006,"1","1","unique","2",0.0109887671418492
11,2006,"1","1","unique","2",0.0147482097503891
12,2006,"1","1","unique","2",0.0139767765640773
1,2007,"1","1","unique","2",1.09558110740374e-09
2,2007,"1","1","unique","2",1.21626209573507e-05
3,2007,"1","1","unique","2",0.0003308913338759
4,2007,"1","1","unique","2",0.00248369998905125
5,2007,"1","1","unique","2",0.00242366854377683
6,2007,"1","1","unique","2",0.00245669462076743
7,2007,"1","1","unique","2",0.0477671375008415
8,2007,"1","1","unique","2",0.0544567042334056
9,2007,"1","1","unique","2",0.0910506124380208
10,2007,"1","1","unique","2",0.0398934310303933
11,2007,"1","1","unique","2",0.0595327754795611
12,2007,"1","1","unique","2",0.0557588747456816
1,2008,"1","1","unique","2",9.50057585593626e-10
2,2008,"1","1","unique","2",8.4275249327435e-05
3,2008,"1","1","unique","2",1.17116811052226e-05
4,2008,"1","1","unique","2",0.0145355228684314
5,2008,"1","1","unique","2",0.177993119247296
6,2008,"1","1","unique","2",0.680435761668417
7,2008,"1","1","unique","2",0.154632523250192
8,2008,"1","1","unique","2",0.0532354376704634
9,2008,"1","1","unique","2",0.136529444733159
10,2008,"1","1","unique","2",0.0778056688004965
11,2008,"1","1","unique","2",0.0436616732835759
12,2008,"1","1","unique","2",0.0421472387281427
1,2009,"1","1","unique","2",8.44603130664655e-10
2,2009,"1","1","unique","2",0.000166425164572701
3,2009,"1","1","unique","2",0.0259909925518447
4,2009,"1","1","unique","2",0.137593028880085
5,2009,"1","1","unique","2",0.0282837910494189
6,2009,"1","1","unique","2",0.0232915096199671
7,2009,"1","1","unique","2",0.0825443343167743
8,2009,"1","1","unique","2",0.100325042918833
9,2009,"1","1","unique","2",4.77220470648269e-07
10,2009,"1","1","unique","2",7.27939970466108e-08
11,2009,"1","1","unique","2",0.168473045223216
12,2009,"1","1","unique","2",0.16852196003802
1,2010,"1","1","unique","2",8.44603130664655e-10
2,2010,"1","1","unique","2",0.000166425164572701
3,2010,"1","1","unique","2",0.0259909925518447
4,2010,"1","1","unique","2",0.137593028880085
5,2010,"1","1","unique","2",0.0282837910494189
6,2010,"1","1","unique","2",0.0232915096199671
7,2010,"1","1","unique","2",0.0825443343167743
8,2010,"1","1","unique","2",0.100325042918833
9,2010,"1","1","unique","2",4.77220470648269e-07
10,2010,"1","1","unique","2",7.27939970466108e-08
11,2010,"1","1","unique","2",0.168473045223216
12,2010,"1","1","unique","2",0.16852196003802
1,2011,"1","1","unique","2",8.44603130664655e-10
2,2011,"1","1","unique","2",0.000166425164572701
3,2011,"1","1","unique","2",0.0259909925518447
4,2011,"1","1","unique","2",0.137593028880085
5,2011,"1","1","unique","2",0.0282837910494189
6,2011,"1","1","unique","2",0.0232915096199671
7,2011,"1","1","unique","2",0.0825443343167743
8,2011,"1","1","unique","2",0.100325042918833
9,2011,"1","1","unique","2",4.77220470648269e-07
10,2011,"1","1","unique","2",7.27939970466108e-08
11,2011,"1","1","unique","2",0.168473045223216
12,2011,"1","1","unique","2",0.16852196003802
1,2012,"1","1","unique","2",8.44603130664655e-10
2,2012,"1","1","unique","2",0.000166425164572701
3,2012,"1","1","unique","2",0.0259909925518447
4,2012,"1","1","unique","2",0.137593028880085
5,2012,"1","1","unique","2",0.0282837910494189
6,2012,"1","1","unique","2",0.0232915096199671
7,2012,"1","1","unique","2",0.0825443343167743
8,2012,"1","1","unique","2",0.100325042918833
9,2012,"1","1","unique","2",4.77220470648269e-07
10,2012,"1","1","unique","2",7.27939970466108e-08
11,2012,"1","1","unique","2",0.168473045223216
12,2012,"1","1","unique","2",0.16852196003802
1,2013,"1","1","unique","2",8.44603130664655e-10
2,2013,"1","1","unique","2",0.000166425164572701
3,2013,"1","1","unique","2",0.0259909925518447
4,2013,"1","1","unique","2",0.137593028880085
5,2013,"1","1","unique","2",0.0282837910494189
6,2013,"1","1","unique","2",0.0232915096199671
7,2013,"1","1","unique","2",0.0825443343167743
8,2013,"1","1","unique","2",0.100325042918833
9,2013,"1","1","unique","2",4.77220470648269e-07
10,2013,"1","1","unique","2",7.27939970466108e-08
11,2013,"1","1","unique","2",0.168473045223216
12,2013,"1","1","unique","2",0.16852196003802
1,2014,"1","1","unique","2",8.44603130664655e-10
2,2014,"1","1","unique","2",0.000166425164572701
3,2014,"1","1","unique","2",0.0259909925518447
4,2014,"1","1","unique","2",0.137593028880085
5,2014,"1","1","unique","2",0.0282837910494189
6,2014,"1","1","unique","2",0.0232915096199671
7,2014,"1","1","unique","2",0.0825443343167743
8,2014,"1","1","unique","2",0.100325042918833
9,2014,"1","1","unique","2",4.77220470648269e-07
10,2014,"1","1","unique","2",7.27939970466108e-08
11,2014,"1","1","unique","2",0.168473045223216
12,2014,"1","1","unique","2",0.16852196003802
1,2015,"1","1","unique","2",8.44603130664655e-10
2,2015,"1","1","unique","2",0.000166425164572701
3,2015,"1","1","unique","2",0.0259909925518447
4,2015,"1","1","unique","2",0.137593028880085
5,2015,"1","1","unique","2",0.0282837910494189
6,2015,"1","1","unique","2",0.0232915096199671
7,2015,"1","1","unique","2",0.0825443343167743
8,2015,"1","1","unique","2",0.100325042918833
9,2015,"1","1","unique","2",4.77220470648269e-07
10,2015,"1","1","unique","2",7.27939970466108e-08
11,2015,"1","1","unique","2",0.168473045223216
12,2015,"1","1","unique","2",0.16852196003802
1,2016,"1","1","unique","2",8.44603130664655e-10
2,2016,"1","1","unique","2",0.000166425164572701
3,2016,"1","1","unique","2",0.0259909925518447
4,2016,"1","1","unique","2",0.137593028880085
5,2016,"1","1","unique","2",0.0282837910494189
6,2016,"1","1","unique","2",0.0232915096199671
7,2016,"1","1","unique","2",0.0825443343167743
8,2016,"1","1","unique","2",0.100325042918833
9,2016,"1","1","unique","2",4.77220470648269e-07
10,2016,"1","1","unique","2",7.27939970466108e-08
11,2016,"1","1","unique","2",0.168473045223216
12,2016,"1","1","unique","2",0.16852196003802
1,2017,"1","1","unique","2",8.44603130664655e-10
2,2017,"1","1","unique","2",0.000166425164572701
3,2017,"1","1","unique","2",0.0259909925518447
4,2017,"1","1","unique","2",0.137593028880085
5,2017,"1","1","unique","2",0.0282837910494189
6,2017,"1","1","unique","2",0.0232915096199671
7,2017,"1","1","unique","2",0.0825443343167743
8,2017,"1","1","unique","2",0.100325042918833
9,2017,"1","1","unique","2",4.77220470648269e-07
10,2017,"1","1","unique","2",7.27939970466108e-08
11,2017,"1","1","unique","2",0.168473045223216
12,2017,"1","1","unique","2",0.16852196003802
1,2018,"1","1","unique","2",8.44603130664655e-10
2,2018,"1","1","unique","2",0.000166425164572701
3,2018,"1","1","unique","2",0.0259909925518447
4,2018,"1","1","unique","2",0.137593028880085
5,2018,"1","1","unique","2",0.0282837910494189
6,2018,"1","1","unique","2",0.0232915096199671
7,2018,"1","1","unique","2",0.0825443343167743
8,2018,"1","1","unique","2",0.100325042918833
9,2018,"1","1","unique","2",4.77220470648269e-07
10,2018,"1","1","unique","2",7.27939970466108e-08
11,2018,"1","1","unique","2",0.168473045223216
12,2018,"1","1","unique","2",0.16852196003802
1,2019,"1","1","unique","2",8.44603130664655e-10
2,2019,"1","1","unique","2",0.000166425164572701
3,2019,"1","1","unique","2",0.0259909925518447
4,2019,"1","1","unique","2",0.137593028880085
5,2019,"1","1","unique","2",0.0282837910494189
6,2019,"1","1","unique","2",0.0232915096199671
7,2019,"1","1","unique","2",0.0825443343167743
8,2019,"1","1","unique","2",0.100325042918833
9,2019,"1","1","unique","2",4.77220470648269e-07
10,2019,"1","1","unique","2",7.27939970466108e-08
11,2019,"1","1","unique","2",0.168473045223216
12,2019,"1","1","unique","2",0.16852196003802
1,2020,"1","1","unique","2",8.44603130664655e-10
2,2020,"1","1","unique","2",0.000166425164572701
3,2020,"1","1","unique","2",0.0259909925518447
4,2020,"1","1","unique","2",0.137593028880085
5,2020,"1","1","unique","2",0.0282837910494189
6,2020,"1","1","unique","2",0.0232915096199671
7,2020,"1","1","unique","2",0.0825443343167743
8,2020,"1","1","unique","2",0.100325042918833
9,2020,"1","1","unique","2",4.77220470648269e-07
10,2020,"1","1","unique","2",7.27939970466108e-08
11,2020,"1","1","unique","2",0.168473045223216
12,2020,"1","1","unique","2",0.16852196003802
1,2021,"1","1","unique","2",8.44603130664655e-10
2,2021,"1","1","unique","2",0.000166425164572701
3,2021,"1","1","unique","2",0.0259909925518447
4,2021,"1","1","unique","2",0.137593028880085
5,2021,"1","1","unique","2",0.0282837910494189
6,2021,"1","1","unique","2",0.0232915096199671
7,2021,"1","1","unique","2",0.0825443343167743
8,2021,"1","1","unique","2",0.100325042918833
9,2021,"1","1","unique","2",4.77220470648269e-07
10,2021,"1","1","unique","2",7.27939970466108e-08
11,2021,"1","1","unique","2",0.168473045223216
12,2021,"1","1","unique","2",0.16852196003802
1,2022,"1","1","unique","2",8.44603130664655e-10
2,2022,"1","1","unique","2",0.000166425164572701
3,2022,"1","1","unique","2",0.0259909925518447
4,2022,"1","1","unique","2",0.137593028880085
5,2022,"1","1","unique","2",0.0282837910494189
6,2022,"1","1","unique","2",0.0232915096199671
7,2022,"1","1","unique","2",0.0825443343167743
8,2022,"1","1","unique","2",0.100325042918833
9,2022,"1","1","unique","2",4.77220470648269e-07
10,2022,"1","1","unique","2",7.27939970466108e-08
11,2022,"1","1","unique","2",0.168473045223216
12,2022,"1","1","unique","2",0.16852196003802
1,2023,"1","1","unique","2",8.44603130664655e-10
2,2023,"1","1","unique","2",0.000166425164572701
3,2023,"1","1","unique","2",0.0259909925518447
4,2023,"1","1","unique","2",0.137593028880085
5,2023,"1","1","unique","2",0.0282837910494189
6,2023,"1","1","unique","2",0.0232915096199671
7,2023,"1","1","unique","2",0.0825443343167743
8,2023,"1","1","unique","2",0.100325042918833
9,2023,"1","1","unique","2",4.77220470648269e-07
10,2023,"1","1","unique","2",7.27939970466108e-08
11,2023,"1","1","unique","2",0.168473045223216
12,2023,"1","1","unique","2",0.16852196003802
1,2024,"1","1","unique","2",8.44603130664655e-10
2,2024,"1","1","unique","2",0.000166425164572701
3,2024,"1","1","unique","2",0.0259909925518447
4,2024,"1","1","unique","2",0.137593028880085
5,2024,"1","1","unique","2",0.0282837910494189
6,2024,"1","1","unique","2",0.0232915096199671
7,2024,"1","1","unique","2",0.0825443343167743
8,2024,"1","1","unique","2",0.100325042918833
9,2024,"1","1","unique","2",4.77220470648269e-07
10,2024,"1","1","unique","2",7.27939970466108e-08
11,2024,"1","1","unique","2",0.168473045223216
12,2024,"1","1","unique","2",0.16852196003802
1,2025,"1","1","unique","2",8.44603130664655e-10
2,2025,"1","1","unique","2",0.000166425164572701
3,2025,"1","1","unique","2",0.0259909925518447
4,2025,"1","1","unique","2",0.137593028880085
5,2025,"1","1","unique","2",0.0282837910494189
6,2025,"1","1","unique","2",0.0232915096199671
7,2025,"1","1","unique","2",0.0825443343167743
8,2025,"1","1","unique","2",0.100325042918833
9,2025,"1","1","unique","2",4.77220470648269e-07
10,2025,"1","1","unique","2",7.27939970466108e-08
11,2025,"1","1","unique","2",0.168473045223216
12,2025,"1","1","unique","2",0.16852196003802
1,1990,"1","1","unique","3",8.22587033620956e-10
2,1990,"1","1","unique","3",0.000120085668975653
3,1990,"1","1","unique","3",0.00123606061234352
4,1990,"1","1","unique","3",0.0497210475893813
5,1990,"1","1","unique","3",0.034055264758537
6,1990,"1","1","unique","3",0.106924947017266
7,1990,"1","1","unique","3",0.0977042766952246
8,1990,"1","1","unique","3",0.0345251178926211
9,1990,"1","1","unique","3",0.0339241154566915
10,1990,"1","1","unique","3",0.0377138693076321
11,1990,"1","1","unique","3",0.0255521621406163
12,1990,"1","1","unique","3",0.0241872350627878
1,1991,"1","1","unique","3",1.73419983168586e-09
2,1991,"1","1","unique","3",3.62059603015762e-05
3,1991,"1","1","unique","3",0.00035798760991712
4,1991,"1","1","unique","3",0.0728623966987896
5,1991,"1","1","unique","3",0.0345527131582933
6,1991,"1","1","unique","3",0.0301731480814532
7,1991,"1","1","unique","3",0.131140495563444
8,1991,"1","1","unique","3",0.221743434347215
9,1991,"1","1","unique","3",0.0707421493674161
10,1991,"1","1","unique","3",0.123309316711264
11,1991,"1","1","unique","3",0.0511058722037916
12,1991,"1","1","unique","3",0.0495092703713075
1,1992,"1","1","unique","3",9.08593866886282e-10
2,1992,"1","1","unique","3",8.68792150670457e-05
3,1992,"1","1","unique","3",0.00204077069300132
4,1992,"1","1","unique","3",0.00168007765273979
5,1992,"1","1","unique","3",0.000458367999149289
6,1992,"1","1","unique","3",0.00256030929558506
7,1992,"1","1","unique","3",0.00386590891660705
8,1992,"1","1","unique","3",0.00600142366406651
9,1992,"1","1","unique","3",0.0133196641895938
10,1992,"1","1","unique","3",0.0132659104256084
11,1992,"1","1","unique","3",0.00256039665450517
12,1992,"1","1","unique","3",0.0023438114741495
1,1993,"1","1","unique","3",8.2782747829522e-10
2,1993,"1","1","unique","3",0.000304946604072044
3,1993,"1","1","unique","3",0.00222571131654998
4,1993,"1","1","unique","3",0.0785407420328189
5,1993,"1","1","unique","3",0.014035625421323
6,1993,"1","1","unique","3",0.00629741265390521
7,1993,"1","1","unique","3",0.0321973272985615
8,1993,"1","1","unique","3",0.0863513550745203
9,1993,"1","1","unique","3",0.0551070459600124
10,1993,"1","1","unique","3",0.100893063724262
11,1993,"1","1","unique","3",0.0691445596850395
12,1993,"1","1","unique","3",0.051092050242906
1,1994,"1","1","unique","3",9.43729407410116e-10
2,1994,"1","1","unique","3",0.00307482274702701
3,1994,"1","1","unique","3",0.00287346541574648
4,1994,"1","1","unique","3",0.0102052201888885
5,1994,"1","1","unique","3",0.0380627863280981
6,1994,"1","1","unique","3",0.178720818878024
7,1994,"1","1","unique","3",0.166142556750029
8,1994,"1","1","unique","3",0.0463226605692331
9,1994,"1","1","unique","3",4.70836769183195e-08
10,1994,"1","1","unique","3",5.61490203697711e-08
11,1994,"1","1","unique","3",0.0168845372715733
12,1994,"1","1","unique","3",0.0161818165101538
1,1995,"1","1","unique","3",1.07887469596857e-09
2,1995,"1","1","unique","3",0.00345132926286697
3,1995,"1","1","unique","3",0.00620150472631097
4,1995,"1","1","unique","3",4.28343559274328
5,1995,"1","1","unique","3",2.3678978287859
6,1995,"1","1","unique","3",2.33391108868371e-08
7,1995,"1","1","unique","3",2.70632112010161e-08
8,1995,"1","1","unique","3",3.44901138097286e-08
9,1995,"1","1","unique","3",4.3595825165482e-08
10,1995,"1","1","unique","3",4.97503157702356e-08
11,1995,"1","1","unique","3",4.87406585196089e-08
12,1995,"1","1","unique","3",4.93115868528105e-08
1,1996,"1","1","unique","3",1.97475395896745e-05
2,1996,"1","1","unique","3",0.00166549124892827
3,1996,"1","1","unique","3",0.00404132273719958
4,1996,"1","1","unique","3",0.0517525088188788
5,1996,"1","1","unique","3",0.018622983439626
6,1996,"1","1","unique","3",0.0127405898109211
7,1996,"1","1","unique","3",0.0217777793863058
8,1996,"1","1","unique","3",0.0141031967376999
9,1996,"1","1","unique","3",0.0179442311561887
10,1996,"1","1","unique","3",0.0455763767132546
11,1996,"1","1","unique","3",0.0081477560687449
12,1996,"1","1","unique","3",0.00756027631530529
1,1997,"1","1","unique","3",8.76596595003164e-10
2,1997,"1","1","unique","3",0.00177578602937427
3,1997,"1","1","unique","3",0.00691855071253034
4,1997,"1","1","unique","3",0.0474830549226168
5,1997,"1","1","unique","3",0.0436127619130379
6,1997,"1","1","unique","3",0.0509516651373497
7,1997,"1","1","unique","3",0.12886225727196
8,1997,"1","1","unique","3",0.0709641090885952
9,1997,"1","1","unique","3",0.0370493525129456
10,1997,"1","1","unique","3",0.0841771556199814
11,1997,"1","1","unique","3",0.0459004753657535
12,1997,"1","1","unique","3",0.0439830780807209
1,1998,"1","1","unique","3",0.000875554779573981
2,1998,"1","1","unique","3",0.0064350375706387
3,1998,"1","1","unique","3",0.0597324283855718
4,1998,"1","1","unique","3",1.8750911107502e-08
5,1998,"1","1","unique","3",0.057659320072116
6,1998,"1","1","unique","3",0.0810766083541074
7,1998,"1","1","unique","3",2.77205368893915e-08
8,1998,"1","1","unique","3",0.0622494754884429
9,1998,"1","1","unique","3",0.0519175338948548
10,1998,"1","1","unique","3",3.1159868785554e-07
11,1998,"1","1","unique","3",0.110422108964554
12,1998,"1","1","unique","3",0.107737915660414
1,1999,"1","1","unique","3",0.000225792789433684
2,1999,"1","1","unique","3",0.0010527904776657
3,1999,"1","1","unique","3",0.00858675689619369
4,1999,"1","1","unique","3",0.971992103943722
5,1999,"1","1","unique","3",0.3760821234042
6,1999,"1","1","unique","3",0.0363152945571046
7,1999,"1","1","unique","3",0.162852619805926
8,1999,"1","1","unique","3",0.107002491184171
9,1999,"1","1","unique","3",0.115003257042624
10,1999,"1","1","unique","3",0.11491412855814
11,1999,"1","1","unique","3",8.9109012829675e-07
12,1999,"1","1","unique","3",4.50789998398382e-07
1,2000,"1","1","unique","3",1.19370900156548e-09
2,2000,"1","1","unique","3",1.47330583869145e-05
3,2000,"1","1","unique","3",0.00019675400473145
4,2000,"1","1","unique","3",0.000457490070398409
5,2000,"1","1","unique","3",0.0188550591277995
6,2000,"1","1","unique","3",0.00117009323295767
7,2000,"1","1","unique","3",0.00175462921516019
8,2000,"1","1","unique","3",0.00468024016934042
9,2000,"1","1","unique","3",0.00132392078544729
10,2000,"1","1","unique","3",0.0108347893543521
11,2000,"1","1","unique","3",0.00315354556343561
12,2000,"1","1","unique","3",0.00289014273642313
1,2001,"1","1","unique","3",6.47698736047421e-06
2,2001,"1","1","unique","3",7.41476777803222e-06
3,2001,"1","1","unique","3",2.17756709916969e-05
4,2001,"1","1","unique","3",0.000469234389612859
5,2001,"1","1","unique","3",0.0015435227938014
6,2001,"1","1","unique","3",0.00259989051123582
7,2001,"1","1","unique","3",0.00587512382154626
8,2001,"1","1","unique","3",0.0200311406872826
9,2001,"1","1","unique","3",0.00469106727728165
10,2001,"1","1","unique","3",0.00380170221013612
11,2001,"1","1","unique","3",0.00363045194066875
12,2001,"1","1","unique","3",0.00334878580363055
1,2002,"1","1","unique","3",5.36546549056043e-10
2,2002,"1","1","unique","3",4.13189614391461e-09
3,2002,"1","1","unique","3",1.11231999468804e-08
4,2002,"1","1","unique","3",0.000114933689749209
5,2002,"1","1","unique","3",0.000233405048804764
6,2002,"1","1","unique","3",0.00140147530120373
7,2002,"1","1","unique","3",0.00335273518412715
8,2002,"1","1","unique","3",0.00101528190965346
9,2002,"1","1","unique","3",0.00120661177374356
10,2002,"1","1","unique","3",0.000632148580970782
11,2002,"1","1","unique","3",9.2059675868563e-05
12,2002,"1","1","unique","3",8.18997236389264e-05
1,2003,"1","1","unique","3",6.11809728834467e-10
2,2003,"1","1","unique","3",1.87938931654646e-05
3,2003,"1","1","unique","3",0.00164946635920982
4,2003,"1","1","unique","3",0.00454068103027007
5,2003,"1","1","unique","3",0.00391195824131991
6,2003,"1","1","unique","3",0.00121326880916127
7,2003,"1","1","unique","3",0.000934687180952773
8,2003,"1","1","unique","3",0.00113772212958618
9,2003,"1","1","unique","3",0.000290579192801594
10,2003,"1","1","unique","3",0.000136555856795527
11,2003,"1","1","unique","3",3.53784138603356e-05
12,2003,"1","1","unique","3",4.64967562938127e-05
1,2004,"1","1","unique","3",7.42396970600474e-10
2,2004,"1","1","unique","3",1.87327663925627e-06
3,2004,"1","1","unique","3",3.51708839428659e-05
4,2004,"1","1","unique","3",0.00145429086917046
5,2004,"1","1","unique","3",0.00450482808490255
6,2004,"1","1","unique","3",0.00169575132300779
7,2004,"1","1","unique","3",0.00425579682307809
8,2004,"1","1","unique","3",0.00366372299025226
9,2004,"1","1","unique","3",0.00641759436994535
10,2004,"1","1","unique","3",0.0083148729477162
11,2004,"1","1","unique","3",0.0100099498541805
12,2004,"1","1","unique","3",0.0094351529042972
1,2005,"1","1","unique","3",8.77106092807584e-10
2,2005,"1","1","unique","3",5.89727838309393e-09
3,2005,"1","1","unique","3",1.30619581410929e-05
4,2005,"1","1","unique","3",7.35997650950329e-05
5,2005,"1","1","unique","3",0.000299225030475506
6,2005,"1","1","unique","3",0.00110511400266012
7,2005,"1","1","unique","3",0.0012726618564287
8,2005,"1","1","unique","3",0.00693621658469377
9,2005,"1","1","unique","3",0.0195862872960062
10,2005,"1","1","unique","3",0.0225026810584573
11,2005,"1","1","unique","3",0.00605914241355557
12,2005,"1","1","unique","3",0.00556291415559066
1,2006,"1","1","unique","3",7.61967873865081e-10
2,2006,"1","1","unique","3",5.34458710553942e-09
3,2006,"1","1","unique","3",0.000714921372441194
4,2006,"1","1","unique","3",0.0348472171077795
5,2006,"1","1","unique","3",0.00745082096683205
6,2006,"1","1","unique","3",0.0391470603477515
7,2006,"1","1","unique","3",0.00895882218382122
8,2006,"1","1","unique","3",0.00111465721523889
9,2006,"1","1","unique","3",0.000780172074354651
10,2006,"1","1","unique","3",0.0012079263820566
11,2006,"1","1","unique","3",0.0104478189387277
12,2006,"1","1","unique","3",0.000141798402395402
1,2007,"1","1","unique","3",8.38940475195265e-10
2,2007,"1","1","unique","3",6.05089394132197e-09
3,2007,"1","1","unique","3",1.52081354892127e-08
4,2007,"1","1","unique","3",2.08640232582913e-08
5,2007,"1","1","unique","3",2.43662553040419e-08
6,2007,"1","1","unique","3",2.7049221591094e-08
7,2007,"1","1","unique","3",3.21599674443107e-06
8,2007,"1","1","unique","3",9.52276696922817e-07
9,2007,"1","1","unique","3",5.12267948840591e-08
10,2007,"1","1","unique","3",6.23342445213567e-07
11,2007,"1","1","unique","3",6.37106053589119e-08
12,2007,"1","1","unique","3",6.45962003235784e-08
1,2008,"1","1","unique","3",8.79871041714191e-10
2,2008,"1","1","unique","3",0.00118191773201261
3,2008,"1","1","unique","3",0.0175037903109944
4,2008,"1","1","unique","3",0.0249817541603784
5,2008,"1","1","unique","3",0.0129536106608966
6,2008,"1","1","unique","3",0.0189344344960854
7,2008,"1","1","unique","3",0.0277390434796425
8,2008,"1","1","unique","3",0.0280546625886119
9,2008,"1","1","unique","3",0.0487851823418237
10,2008,"1","1","unique","3",0.0205620445028443
11,2008,"1","1","unique","3",0.147304347554412
12,2008,"1","1","unique","3",0.236057325806844
1,2009,"1","1","unique","3",1.2476174472154e-06
2,2009,"1","1","unique","3",1.42874667279369e-05
3,2009,"1","1","unique","3",0.00251102140788934
4,2009,"1","1","unique","3",0.00736319399648021
5,2009,"1","1","unique","3",0.0129770543629762
6,2009,"1","1","unique","3",0.00441304620136983
7,2009,"1","1","unique","3",0.00541151040942494
8,2009,"1","1","unique","3",0.0035897154732182
9,2009,"1","1","unique","3",0.00703146038656079
10,2009,"1","1","unique","3",0.0105936820833099
11,2009,"1","1","unique","3",0.00805563088954255
12,2009,"1","1","unique","3",0.00751680370451548
1,2010,"1","1","unique","3",1.2476174472154e-06
2,2010,"1","1","unique","3",1.42874667279369e-05
3,2010,"1","1","unique","3",0.00251102140788934
4,2010,"1","1","unique","3",0.00736319399648021
5,2010,"1","1","unique","3",0.0129770543629762
6,2010,"1","1","unique","3",0.00441304620136983
7,2010,"1","1","unique","3",0.00541151040942494
8,2010,"1","1","unique","3",0.0035897154732182
9,2010,"1","1","unique","3",0.00703146038656079
10,2010,"1","1","unique","3",0.0105936820833099
11,2010,"1","1","unique","3",0.00805563088954255
12,2010,"1","1","unique","3",0.00751680370451548
1,2011,"1","1","unique","3",1.2476174472154e-06
2,2011,"1","1","unique","3",1.42874667279369e-05
3,2011,"1","1","unique","3",0.00251102140788934
4,2011,"1","1","unique","3",0.00736319399648021
5,2011,"1","1","unique","3",0.0129770543629762
6,2011,"1","1","unique","3",0.00441304620136983
7,2011,"1","1","unique","3",0.00541151040942494
8,2011,"1","1","unique","3",0.0035897154732182
9,2011,"1","1","unique","3",0.00703146038656079
10,2011,"1","1","unique","3",0.0105936820833099
11,2011,"1","1","unique","3",0.00805563088954255
12,2011,"1","1","unique","3",0.00751680370451548
1,2012,"1","1","unique","3",1.2476174472154e-06
2,2012,"1","1","unique","3",1.42874667279369e-05
3,2012,"1","1","unique","3",0.00251102140788934
4,2012,"1","1","unique","3",0.00736319399648021
5,2012,"1","1","unique","3",0.0129770543629762
6,2012,"1","1","unique","3",0.00441304620136983
7,2012,"1","1","unique","3",0.00541151040942494
8,2012,"1","1","unique","3",0.0035897154732182
9,2012,"1","1","unique","3",0.00703146038656079
10,2012,"1","1","unique","3",0.0105936820833099
11,2012,"1","1","unique","3",0.00805563088954255
12,2012,"1","1","unique","3",0.00751680370451548
1,2013,"1","1","unique","3",1.2476174472154e-06
2,2013,"1","1","unique","3",1.42874667279369e-05
3,2013,"1","1","unique","3",0.00251102140788934
4,2013,"1","1","unique","3",0.00736319399648021
5,2013,"1","1","unique","3",0.0129770543629762
6,2013,"1","1","unique","3",0.00441304620136983
7,2013,"1","1","unique","3",0.00541151040942494
8,2013,"1","1","unique","3",0.0035897154732182
9,2013,"1","1","unique","3",0.00703146038656079
10,2013,"1","1","unique","3",0.0105936820833099
11,2013,"1","1","unique","3",0.00805563088954255
12,2013,"1","1","unique","3",0.00751680370451548
1,2014,"1","1","unique","3",1.2476174472154e-06
2,2014,"1","1","unique","3",1.42874667279369e-05
3,2014,"1","1","unique","3",0.00251102140788934
4,2014,"1","1","unique","3",0.00736319399648021
5,2014,"1","1","unique","3",0.0129770543629762
6,2014,"1","1","unique","3",0.00441304620136983
7,2014,"1","1","unique","3",0.00541151040942494
8,2014,"1","1","unique","3",0.0035897154732182
9,2014,"1","1","unique","3",0.00703146038656079
10,2014,"1","1","unique","3",0.0105936820833099
11,2014,"1","1","unique","3",0.00805563088954255
12,2014,"1","1","unique","3",0.00751680370451548
1,2015,"1","1","unique","3",1.2476174472154e-06
2,2015,"1","1","unique","3",1.42874667279369e-05
3,2015,"1","1","unique","3",0.00251102140788934
4,2015,"1","1","unique","3",0.00736319399648021
5,2015,"1","1","unique","3",0.0129770543629762
6,2015,"1","1","unique","3",0.00441304620136983
7,2015,"1","1","unique","3",0.00541151040942494
8,2015,"1","1","unique","3",0.0035897154732182
9,2015,"1","1","unique","3",0.00703146038656079
10,2015,"1","1","unique","3",0.0105936820833099
11,2015,"1","1","unique","3",0.00805563088954255
12,2015,"1","1","unique","3",0.00751680370451548
1,2016,"1","1","unique","3",1.2476174472154e-06
2,2016,"1","1","unique","3",1.42874667279369e-05
3,2016,"1","1","unique","3",0.00251102140788934
4,2016,"1","1","unique","3",0.00736319399648021
5,2016,"1","1","unique","3",0.0129770543629762
6,2016,"1","1","unique","3",0.00441304620136983
7,2016,"1","1","unique","3",0.00541151040942494
8,2016,"1","1","unique","3",0.0035897154732182
9,2016,"1","1","unique","3",0.00703146038656079
10,2016,"1","1","unique","3",0.0105936820833099
11,2016,"1","1","unique","3",0.00805563088954255
12,2016,"1","1","unique","3",0.00751680370451548
1,2017,"1","1","unique","3",1.2476174472154e-06
2,2017,"1","1","unique","3",1.42874667279369e-05
3,2017,"1","1","unique","3",0.00251102140788934
4,2017,"1","1","unique","3",0.00736319399648021
5,2017,"1","1","unique","3",0.0129770543629762
6,2017,"1","1","unique","3",0.00441304620136983
7,2017,"1","1","unique","3",0.00541151040942494
8,2017,"1","1","unique","3",0.0035897154732182
9,2017,"1","1","unique","3",0.00703146038656079
10,2017,"1","1","unique","3",0.0105936820833099
11,2017,"1","1","unique","3",0.00805563088954255
12,2017,"1","1","unique","3",0.00751680370451548
1,2018,"1","1","unique","3",1.2476174472154e-06
2,2018,"1","1","unique","3",1.42874667279369e-05
3,2018,"1","1","unique","3",0.00251102140788934
4,2018,"1","1","unique","3",0.00736319399648021
5,2018,"1","1","unique","3",0.0129770543629762
6,2018,"1","1","unique","3",0.00441304620136983
7,2018,"1","1","unique","3",0.00541151040942494
8,2018,"1","1","unique","3",0.0035897154732182
9,2018,"1","1","unique","3",0.00703146038656079
10,2018,"1","1","unique","3",0.0105936820833099
11,2018,"1","1","unique","3",0.00805563088954255
12,2018,"1","1","unique","3",0.00751680370451548
1,2019,"1","1","unique","3",1.2476174472154e-06
2,2019,"1","1","unique","3",1.42874667279369e-05
3,2019,"1","1","unique","3",0.00251102140788934
4,2019,"1","1","unique","3",0.00736319399648021
5,2019,"1","1","unique","3",0.0129770543629762
6,2019,"1","1","unique","3",0.00441304620136983
7,2019,"1","1","unique","3",0.00541151040942494
8,2019,"1","1","unique","3",0.0035897154732182
9,2019,"1","1","unique","3",0.00703146038656079
10,2019,"1","1","unique","3",0.0105936820833099
11,2019,"1","1","unique","3",0.00805563088954255
12,2019,"1","1","unique","3",0.00751680370451548
1,2020,"1","1","unique","3",1.2476174472154e-06
2,2020,"1","1","unique","3",1.42874667279369e-05
3,2020,"1","1","unique","3",0.00251102140788934
4,2020,"1","1","unique","3",0.00736319399648021
5,2020,"1","1","unique","3",0.0129770543629762
6,2020,"1","1","unique","3",0.00441304620136983
7,2020,"1","1","unique","3",0.00541151040942494
8,2020,"1","1","unique","3",0.0035897154732182
9,2020,"1","1","unique","3",0.00703146038656079
10,2020,"1","1","unique","3",0.0105936820833099
11,2020,"1","1","unique","3",0.00805563088954255
12,2020,"1","1","unique","3",0.00751680370451548
1,2021,"1","1","unique","3",1.2476174472154e-06
2,2021,"1","1","unique","3",1.42874667279369e-05
3,2021,"1","1","unique","3",0.00251102140788934
4,2021,"1","1","unique","3",0.00736319399648021
5,2021,"1","1","unique","3",0.0129770543629762
6,2021,"1","1","unique","3",0.00441304620136983
7,2021,"1","1","unique","3",0.00541151040942494
8,2021,"1","1","unique","3",0.0035897154732182
9,2021,"1","1","unique","3",0.00703146038656079
10,2021,"1","1","unique","3",0.0105936820833099
11,2021,"1","1","unique","3",0.00805563088954255
12,2021,"1","1","unique","3",0.00751680370451548
1,2022,"1","1","unique","3",1.2476174472154e-06
2,2022,"1","1","unique","3",1.42874667279369e-05
3,2022,"1","1","unique","3",0.00251102140788934
4,2022,"1","1","unique","3",0.00736319399648021
5,2022,"1","1","unique","3",0.0129770543629762
6,2022,"1","1","unique","3",0.00441304620136983
7,2022,"1","1","unique","3",0.00541151040942494
8,2022,"1","1","unique","3",0.0035897154732182
9,2022,"1","1","unique","3",0.00703146038656079
10,2022,"1","1","unique","3",0.0105936820833099
11,2022,"1","1","unique","3",0.00805563088954255
12,2022,"1","1","unique","3",0.00751680370451548
1,2023,"1","1","unique","3",1.2476174472154e-06
2,2023,"1","1","unique","3",1.42874667279369e-05
3,2023,"1","1","unique","3",0.00251102140788934
4,2023,"1","1","unique","3",0.00736319399648021
5,2023,"1","1","unique","3",0.0129770543629762
6,2023,"1","1","unique","3",0.00441304620136983
7,2023,"1","1","unique","3",0.00541151040942494
8,2023,"1","1","unique","3",0.0035897154732182
9,2023,"1","1","unique","3",0.00703146038656079
10,2023,"1","1","unique","3",0.0105936820833099
11,2023,"1","1","unique","3",0.00805563088954255
12,2023,"1","1","unique","3",0.00751680370451548
1,2024,"1","1","unique","3",1.2476174472154e-06
2,2024,"1","1","unique","3",1.42874667279369e-05
3,2024,"1","1","unique","3",0.00251102140788934
4,2024,"1","1","unique","3",0.00736319399648021
5,2024,"1","1","unique","3",0.0129770543629762
6,2024,"1","1","unique","3",0.00441304620136983
7,2024,"1","1","unique","3",0.00541151040942494
8,2024,"1","1","unique","3",0.0035897154732182
9,2024,"1","1","unique","3",0.00703146038656079
10,2024,"1","1","unique","3",0.0105936820833099
11,2024,"1","1","unique","3",0.00805563088954255
12,2024,"1","1","unique","3",0.00751680370451548
1,2025,"1","1","unique","3",1.2476174472154e-06
2,2025,"1","1","unique","3",1.42874667279369e-05
3,2025,"1","1","unique","3",0.00251102140788934
4,2025,"1","1","unique","3",0.00736319399648021
5,2025,"1","1","unique","3",0.0129770543629762
6,2025,"1","1","unique","3",0.00441304620136983
7,2025,"1","1","unique","3",0.00541151040942494
8,2025,"1","1","unique","3",0.0035897154732182
9,2025,"1","1","unique","3",0.00703146038656079
10,2025,"1","1","unique","3",0.0105936820833099
11,2025,"1","1","unique","3",0.00805563088954255
12,2025,"1","1","unique","3",0.00751680370451548
